epoch,train_loss,val_loss,train_accuracy,val_accuracy,val_balanced_accuracy,val_macro_f1,val_qwk,learning_rate
1,2.3692244903461352,2.0072703137993813,0.5179028132992327,0.6895161290322581,0.44375,0.3964971787427961,0.7334630350194553,0.0001992114701314478
2,1.6159281070167955,1.502780370414257,0.6632566069906224,0.7137096774193549,0.5891666666666667,0.5384040718067064,0.782957303076015,0.0001968583161128631
3,1.5047580301761627,1.3134546279907227,0.675618073316283,0.7721774193548387,0.6417708333333333,0.6095854595100245,0.8492108343761353,0.00019297764858882514
4,1.3602081585574795,1.2280052229762077,0.7348678601875532,0.7661290322580645,0.6308333333333332,0.6039438835810165,0.855437306501548,0.00018763066800438636
5,1.2814931797014701,1.3389472104609013,0.7382779198635976,0.6834677419354839,0.6478125,0.5033829116412409,0.8129713423831071,0.00018090169943749476
6,1.2117462198476534,1.214056458324194,0.773231031543052,0.7923387096774194,0.66171875,0.64247689047618,0.8566176470588236,0.00017289686274214118
7,1.154972133604256,1.2821489982306957,0.7791986359761296,0.7560483870967742,0.6244791666666667,0.5798442855046628,0.8734744016484388,0.000163742398974869
8,1.0744388337070878,1.229256246238947,0.8000852514919011,0.7963709677419355,0.6447916666666667,0.6349200767624292,0.8853722737528202,0.00015358267949789966
9,1.0302917578735866,1.2181921266019344,0.815004262574595,0.7681451612903226,0.6350520833333333,0.598328388572291,0.8644561850974677,0.00014257792915650726
10,0.9778460143385707,1.2216850332915783,0.8316283034953111,0.7883064516129032,0.6646875,0.6404975945450946,0.8795908406881685,0.00013090169943749474
11,0.976013477589633,1.3975001126527786,0.8260869565217391,0.8185483870967742,0.6441145833333333,0.6575244907025547,0.8860995935793752,0.00011873813145857248
12,0.9307674652821308,1.328663993626833,0.8452685421994884,0.8084677419354839,0.6482291666666666,0.646460341276253,0.8936470778172425,0.00010627905195293135
13,0.854821745608304,1.3028639890253544,0.8589087809036658,0.7943548387096774,0.6597916666666667,0.6428790303771963,0.8667132147581948,9.372094804706867e-05
14,0.8462246463105485,1.2981844171881676,0.8682864450127877,0.7762096774193549,0.6428645833333333,0.614232639404821,0.8685788488714051,8.126186854142755e-05
15,0.8062816777744809,1.2946125641465187,0.8768115942028986,0.7903225806451613,0.6517708333333333,0.6287559396491239,0.8760096303199751,6.90983005625053e-05
16,0.7886232757890547,1.3134646341204643,0.8904518329070759,0.8145161290322581,0.6688541666666667,0.6691195469792477,0.8814115075337653,5.742207084349274e-05
17,0.7525331309518298,1.2974174693226814,0.8917306052855924,0.8044354838709677,0.6522395833333333,0.646637864361236,0.8846059965013628,4.6417320502100316e-05
18,0.7234027180317286,1.3269306607544422,0.9066496163682864,0.7862903225806451,0.6589583333333333,0.6327884922586556,0.865624045218454,3.6257601025131026e-05
19,0.7145715726388467,1.3247709833085537,0.9062233589087809,0.7923387096774194,0.6593229166666666,0.6351027691314417,0.8661853000039241,2.7103137257858868e-05
20,0.6992198196617333,1.3440432474017143,0.9134697357203752,0.7903225806451613,0.6379166666666667,0.6235686192834081,0.8748020272410516,1.909830056250527e-05
